{
  "2025-08": {
    "JavaScript": 50.49743068833652,
    "CSS": 48.141730401529635,
    "HTML": 1.3608389101338432
  }
}