{
  "2024-10": {
    "C#": 95,
    "JavaScript": 5.333632786681073,
    "Python": 5,
    "TypeScript": 5,
    "HTML": 5.366706802036394,
    "CSS": 5
  },
  "2024-11": {
    "C#": 47.098025683194216,
    "JavaScript": 35.32365958710409,
    "Python": 20.32696878185966,
    "TypeScript": 8.138643170813644,
    "HTML": 31.07990197931425,
    "CSS": 17.807470383787255
  },
  "2024-12": {
    "C#": 46.19921136639289,
    "JavaScript": 32.93790473720066,
    "Python": 18.745212865984442,
    "TypeScript": 11.988778824450923,
    "HTML": 26.04397651589869,
    "CSS": 20.46877680857891
  }
}