{
  "2022-02": {
    "JavaScript": 8.857461853368068,
    "HTML": 0.7116569490964728,
    "CSS": 0.4308811975354588,
    "C#": 10.0
  },
  "2022-03": {
    "JavaScript": 8.857461853368068,
    "HTML": 0.7116569490964728,
    "CSS": 0.4308811975354588,
    "C#": 10.0
  },
  "2022-04": {
    "JavaScript": 8.857461853368068,
    "HTML": 0.7116569490964728,
    "CSS": 0.4308811975354588,
    "C#": 10.0
  },
  "2022-05": {
    "JavaScript": 8.857461853368068,
    "HTML": 0.7116569490964728,
    "CSS": 0.4308811975354588,
    "C#": 10.0
  },
  "2022-06": {
    "JavaScript": 8.857461853368068,
    "HTML": 0.7116569490964728,
    "CSS": 0.4308811975354588,
    "C#": 10.0
  },
  "2022-07": {
    "JavaScript": 8.857461853368068,
    "HTML": 0.7116569490964728,
    "CSS": 0.4308811975354588,
    "C#": 10.0
  },
  "2022-08": {
    "JavaScript": 8.857461853368068,
    "HTML": 0.7116569490964728,
    "CSS": 0.4308811975354588,
    "C#": 10.0
  },
  "2022-09": {
    "JavaScript": 8.857461853368068,
    "HTML": 0.7116569490964728,
    "CSS": 0.4308811975354588,
    "C#": 10.0
  },
  "2022-10": {
    "JavaScript": 8.857461853368068,
    "HTML": 0.7116569490964728,
    "CSS": 0.4308811975354588,
    "C#": 10.0
  },
  "2022-11": {
    "JavaScript": 8.857461853368068,
    "HTML": 0.7116569490964728,
    "CSS": 0.4308811975354588,
    "C#": 10.0
  },
  "2022-12": {
    "JavaScript": 8.857461853368068,
    "HTML": 0.7116569490964728,
    "CSS": 0.4308811975354588,
    "C#": 10.0
  },
  "2022-01": {
    "C#": 10.0
  }
}