{
  "2025-01": {
    "C#": 49.207704134295646,
    "JavaScript": 38.54946260253028,
    "Python": 18.871449985056252,
    "TypeScript": 9.779361690742563,
    "HTML": 25.472257733500467,
    "CSS": 15.45633223353572
  },
  "2025-02": {
    "C#": 47.26956054896218,
    "JavaScript": 36.5658881781805,
    "Python": 14.099615959635774,
    "TypeScript": 7.040480926673077,
    "HTML": 24.406502300025927,
    "CSS": 17.060249594767388
  },
  "2025-03": {
    "C#": 48.38588515822773,
    "JavaScript": 35.24613702155872,
    "Python": 18.22875330346022,
    "TypeScript": 9.326843825056493,
    "HTML": 27.653911438803767,
    "CSS": 21.259283123559403
  },
  "2025-04": {
    "C#": 50.79555058422281,
    "JavaScript": 35.467079526086934,
    "Python": 17.205413394701367,
    "TypeScript": 7.804759646794921,
    "HTML": 29.500622788362758,
    "CSS": 18.62419313357434
  },
  "2025-05": {
    "C#": 47.51693466669907,
    "JavaScript": 37.57066310263557,
    "Python": 15.047402296555068,
    "TypeScript": 10.83513970386999,
    "HTML": 26.64539149135627,
    "CSS": 15.954327775192684
  },
  "2025-06": {
    "C#": 46.854186709016375,
    "JavaScript": 34.56310325576519,
    "Python": 18.666316830251922,
    "TypeScript": 12.13654784025588,
    "HTML": 29.986558196475727,
    "CSS": 18.9453285871632
  },
  "2025-07": {
    "C#": 48.58570628692065,
    "JavaScript": 37.05091544097082,
    "Python": 20.678826654077735,
    "TypeScript": 11.192484023046113,
    "HTML": 23.90406943457211,
    "CSS": 18.575627591256822
  },
  "2025-08": {
    "C#": 51.14775461938308,
    "JavaScript": 36.2685791774485,
    "Python": 18.656046189251466,
    "TypeScript": 6.615131779269878,
    "HTML": 25.8124906645537,
    "CSS": 18.62947674710993
  },
  "2025-09": {
    "C#": 47.84869316249409,
    "JavaScript": 35.22393072190828,
    "Python": 16.177573568782027,
    "TypeScript": 9.610350695156285,
    "HTML": 27.237855951901278,
    "CSS": 20.179158018333364
  }
}