{
  "2024-01": {
    "C#": 19.006301716776115,
    "ShaderLab": 0.8465250112530657,
    "HLSL": 0.14717327197082197,
    "JavaScript": 8.857461853368068,
    "HTML": 0.7116569490964728,
    "CSS": 0.4308811975354588
  },
  "2024-02": {
    "C#": 19.006301716776115,
    "ShaderLab": 0.8465250112530657,
    "HLSL": 0.14717327197082197,
    "JavaScript": 8.857461853368068,
    "HTML": 0.7116569490964728,
    "CSS": 0.4308811975354588
  },
  "2024-03": {
    "C#": 19.006301716776115,
    "ShaderLab": 0.8465250112530657,
    "HLSL": 0.14717327197082197,
    "JavaScript": 8.857461853368068,
    "HTML": 0.7116569490964728,
    "CSS": 0.4308811975354588
  },
  "2024-04": {
    "C#": 14.999999999999991
  },
  "2024-05": {
    "C#": 19.999999999999996
  },
  "2024-06": {
    "C#": 25.0
  },
  "2024-07": {
    "C#": 29.999999999999993
  },
  "2024-08": {
    "C#": 35.0
  },
  "2024-09": {
    "C#": 39.99999999999999
  },
  "2024-10": {
    "C#": 44.99999999999999
  },
  "2024-11": {
    "C#": 50.0
  },
  "2024-12": {
    "C#": 55.00000000000001
  }
}