{
  "2025-08": {
    "JavaScript": 47.97255915391969,
    "CSS": 45.73464388145315,
    "HTML": 1.2927969646271509
  }
}