{
  "2023-07": {
    "C#": 19.006301716776115,
    "ShaderLab": 0.8465250112530657,
    "HLSL": 0.14717327197082197,
    "JavaScript": 8.857461853368068,
    "HTML": 0.7116569490964728,
    "CSS": 0.4308811975354588
  },
  "2023-08": {
    "C#": 19.006301716776115,
    "ShaderLab": 0.8465250112530657,
    "HLSL": 0.14717327197082197,
    "JavaScript": 8.857461853368068,
    "HTML": 0.7116569490964728,
    "CSS": 0.4308811975354588
  },
  "2023-09": {
    "C#": 19.006301716776115,
    "ShaderLab": 0.8465250112530657,
    "HLSL": 0.14717327197082197,
    "JavaScript": 8.857461853368068,
    "HTML": 0.7116569490964728,
    "CSS": 0.4308811975354588
  },
  "2023-10": {
    "C#": 19.006301716776115,
    "ShaderLab": 0.8465250112530657,
    "HLSL": 0.14717327197082197,
    "JavaScript": 8.857461853368068,
    "HTML": 0.7116569490964728,
    "CSS": 0.4308811975354588
  },
  "2023-11": {
    "C#": 19.006301716776115,
    "ShaderLab": 0.8465250112530657,
    "HLSL": 0.14717327197082197,
    "JavaScript": 8.857461853368068,
    "HTML": 0.7116569490964728,
    "CSS": 0.4308811975354588
  },
  "2023-12": {
    "C#": 19.006301716776115,
    "ShaderLab": 0.8465250112530657,
    "HLSL": 0.14717327197082197,
    "JavaScript": 8.857461853368068,
    "HTML": 0.7116569490964728,
    "CSS": 0.4308811975354588
  },
  "2023-01": {
    "JavaScript": 8.857461853368068,
    "HTML": 0.7116569490964728,
    "CSS": 0.4308811975354588,
    "C#": 10.0
  },
  "2023-02": {
    "JavaScript": 8.857461853368068,
    "HTML": 0.7116569490964728,
    "CSS": 0.4308811975354588,
    "C#": 10.0
  },
  "2023-03": {
    "JavaScript": 8.857461853368068,
    "HTML": 0.7116569490964728,
    "CSS": 0.4308811975354588,
    "C#": 10.0
  },
  "2023-04": {
    "JavaScript": 8.857461853368068,
    "HTML": 0.7116569490964728,
    "CSS": 0.4308811975354588,
    "C#": 10.0
  },
  "2023-05": {
    "JavaScript": 8.857461853368068,
    "HTML": 0.7116569490964728,
    "CSS": 0.4308811975354588,
    "C#": 10.0
  },
  "2023-06": {
    "JavaScript": 8.857461853368068,
    "HTML": 0.7116569490964728,
    "CSS": 0.4308811975354588,
    "C#": 10.0
  }
}